{
  "date": "2023-08-26T04:32:21.429Z",
  "game": {
    "file": {
      "name": "Fluffball",
      "path": "assets/fluffball_sdk.swf",
      "size": 2019040
    },
    "runtime": {
      "swfVersion": 8,
      "fpVersion": "FP8",
      "frameCount": 109,
      "frameRate": 25,
      "compression": 0,
      "avm": "AVM1"
    }
  },
  "device": {
    "agent": "Mozilla/5.0 (Macintosh; Intel Mac OS X 10_15_7) AppleWebKit/537.36 (KHTML, like Gecko) Chrome/115.0.0.0 Safari/537.36",
    "viewport": {
      "width": 550,
      "height": 550,
      "dpi": 2
    },
    "store": {},
    "memory": {}
  },
  "context": {
    "version": 2,
    "params": {
      "MAX_TEXTURE_SIZE": 16384,
      "MAX_VIEWPORT_DIMS": {
        "0": 16384,
        "1": 16384
      },
      "MAX_TEXTURE_IMAGE_UNITS": 16,
      "MAX_RENDERBUFFER_SIZE": 16384,
      "MAX_ELEMENTS_INDICES": 150000,
      "MAX_DRAW_BUFFERS": 8,
      "MAX_COLOR_ATTACHMENTS": 8
    },
    "vendor": "Google Inc. (Apple)",
    "renderer": "ANGLE (Apple, Apple M1 Pro, OpenGL 4.1)"
  },
  "config": {
    "title": "Fluffball",
    "filename": "fluffball_sdk",
    "pokiSDK": true,
    "debugPoki": false,
    "showFPS": false,
    "debug": false,
    "splash": "assets/todo.jpg",
    "start": null,
    "width": 720,
    "height": 480,
    "x": 0,
    "y": 0,
    "w": "100%",
    "h": "100%",
    "stageScaleMode": null,
    "stageAlign": null,
    "progressParserWeigth": 1,
    "progress": {
      "direction": "lr",
      "back": "#35809e",
      "line": "#070bff",
      "rect": [
        0.25,
        0.65,
        0.5,
        0.01
      ]
    },
    "skipFramesOfScene": null,
    "buttonPokiSDKActions": null,
    "retryButtonIDS": null,
    "retryButtonAction": null,
    "actionOnStop": null,
    "actionWhenRetryButtonEncountered": null,
    "filenameNoSdk": "fluffball",
    "binary": [
      {
        "name": "fonts.swf",
        "path": "assets/fonts.swf",
        "size": 30506
      },
      {
        "name": "fluffball_sdk",
        "path": "assets/fluffball_sdk.swf",
        "size": 1619779,
        "resourceType": "GAME"
      }
    ],
    "runtime": "js/NitromeBatch5.js",
    "files": []
  },
  "logs": [
    "[DEBUG]: Poki-Player - 0.0.15",
    "[DEBUG]: Nitrome Batch5 - 0.0.7",
    "[DEBUG]: [Loader] Decoder closed: 2019040",
    "[DEBUG]: [CONTEXT] Preferred WebGL: 2, used: 2",
    "[EXCEPTION]: Script error.  0",
    "[LOG]: [AVMCrashReporter] Generate report...",
    "[DEBUG]: [Away Symbols] Start",
    "[LOG]: Stage: only implemented StageAlign is TOP_LEFT",
    "[DEBUG]: [Away Symbols] Start",
    "[DEBUG]: [Away Symbols] Decoded (100/2094), 4",
    "[DEBUG]: [Away Symbols] Decoded (200/2094), 9",
    "[DEBUG]: [Away Symbols] Decoded (300/2094), 14",
    "[DEBUG]: [Away Symbols] Decoded (400/2094), 19",
    "[DEBUG]: [Away Symbols] Decoded (500/2094), 23",
    "[DEBUG]: [Away Symbols] Decoded (600/2094), 28",
    "[DEBUG]: [Away Symbols] Decoded (700/2094), 33",
    "[DEBUG]: [Away Symbols] Decoded (800/2094), 38",
    "[DEBUG]: [Away Symbols] Decoded (900/2094), 42",
    "[DEBUG]: [Away Symbols] Decoded (1000/2094), 47",
    "[DEBUG]: [Away Symbols] Decoded (1100/2094), 52",
    "[DEBUG]: [Away Symbols] Decoded (1200/2094), 57",
    "[DEBUG]: [Away Symbols] Decoded (1300/2094), 62",
    "[DEBUG]: [Away Symbols] Decoded (1400/2094), 66",
    "[DEBUG]: [Away Symbols] Decoded (1500/2094), 71",
    "[DEBUG]: [Away Symbols] Decoded (1600/2094), 76",
    "[DEBUG]: [Away Symbols] Decoded (1700/2094), 81",
    "[DEBUG]: [Away Symbols] Decoded (1800/2094), 85",
    "[DEBUG]: [Away Symbols] Decoded (1900/2094), 90",
    "[DEBUG]: [Away Symbols] Decoded (2000/2094), 95",
    "[LOG]: Stage: only implemented StageAlign is TOP_LEFT",
    "[EXCEPTION]: Script error.  0",
    "[LOG]: [AVMCrashReporter] Generate report...",
    "[ERROR]: USPrivacy - No __uspapi callback after 2s, verify implementation!",
    "[EXCEPTION]: Script error.  0",
    "[LOG]: [AVMCrashReporter] Generate report...",
    "[EXCEPTION]: Script error.  0",
    "[LOG]: [AVMCrashReporter] Generate report...",
    "[EXCEPTION]: Script error.  0",
    "[LOG]: [AVMCrashReporter] Generate report...",
    "[EXCEPTION]: Script error.  0",
    "[LOG]: [AVMCrashReporter] Generate report..."
  ],
  "crash": {
    "error": null,
    "line": 0,
    "message": "Script error.",
    "filename": "",
    "source": null
  },
  "snap": null
}